clave,leido,jugadores,rondas,final
25524,2026-10-08,30,5,no
25525,2026-10-08,30,5,no
49302,2026-10-08,13,3,si
49303,2026-10-08,13,3,si
49304,2026-10-08,6,5,si
49305,2026-10-08,4,3,si
54200,2026-10-08,9,2,si
54201,2026-10-08,4,3,si
54202,2026-10-08,3,3,si
54203,2026-10-08,10,2,si
54204,2026-10-08,27,5,si
54205,2026-10-08,5,5,si
54206,2026-10-08,7,7,si
54207,2026-10-08,8,2,si
54208,2026-10-08,30,5,si
54209,2026-10-08,4,3,si
54210,2026-10-08,5,5,si
59297,2026-10-08,3,3,si
59298,2026-10-08,5,5,si
59299,2026-10-08,5,5,si
59300,2026-10-08,6,5,si
59301,2026-10-08,15,3,si
59302,2026-10-08,13,3,si
59303,2026-10-08,19,3,si
59304,2026-10-08,28,5,si
85725,2026-10-08,29,5,si
85728,2026-10-08,28,5,si
85741,2026-10-08,23,5,si
85742,2026-10-08,28,5,si
85743,2026-10-08,6,5,si
85744,2026-10-08,7,7,si
85745,2026-10-08,7,7,si
85746,2026-10-08,6,5,si
103971,2026-10-08,25,5,si
103972,2026-10-08,36,7,si
103973,2026-10-08,15,3,si
103974,2026-10-08,14,3,si
103975,2026-10-08,8,7,si
103976,2026-10-08,8,7,si
103977,2026-10-08,6,5,si
103978,2026-10-08,6,5,si
130307,2026-10-08,4,3,si
130308,2026-10-08,4,3,si
130314,2026-10-08,4,3,si
138197,2026-10-08,26,5,si
138202,2026-10-08,25,5,si
138205,2026-10-08,25,5,si
138208,2026-10-08,25,5,si
138220,2026-10-08,7,7,si
138224,2026-10-08,6,5,si
138228,2026-10-08,6,5,si
138229,2026-10-08,6,5,si
138846,2026-10-08,4,3,si
138849,2026-10-08,7,7,si
175118,2026-10-08,3,3,si
175119,2026-10-08,14,3,si
175120,2026-10-08,13,3,si
175121,2026-10-08,8,2,si
175124,2026-10-08,4,3,si
175125,2026-10-08,3,3,si
176158,2026-10-08,26,5,si
176159,2026-10-08,32,7,si
176161,2026-10-08,28,5,si
176162,2026-10-08,33,7,si
176163,2026-10-08,7,7,si
176164,2026-10-08,5,5,si
176165,2026-10-08,8,7,si
176166,2026-10-08,7,7,si
177677,2026-10-08,8,7,si
177678,2026-10-08,6,5,si
177679,2026-10-08,8,7,si
178064,2026-10-08,36,7,si
178065,2026-10-08,21,5,si
178066,2026-10-08,39,7,si
178072,2026-10-08,29,5,si
178080,2026-10-08,8,7,si
178086,2026-10-08,6,5,si
178088,2026-10-08,8,7,si
178089,2026-10-08,8,7,si
199982,2026-10-08,29,9,si
199983,2026-10-08,36,9,si
199985,2026-10-08,36,9,si
199987,2026-10-08,40,9,si
216609,2026-10-08,3,0,no
216610,2026-10-08,8,0,si
216611,2026-10-08,2,0,no
216612,2026-10-08,7,5,si
216613,2026-10-08,4,3,si
216614,2026-10-08,1,0,no
216618,2026-10-08,4,1,si
219150,2026-10-08,7,5,si
219151,2026-10-08,4,3,si
219153,2026-10-08,3,0,no
219155,2026-10-08,14,3,si
219156,2026-10-08,12,5,si
219157,2026-10-08,3,3,si
219158,2026-10-08,4,0,no
219159,2026-10-08,0,2,si
219160,2026-10-08,0,1,si
219161,2026-10-08,8,7,si
219164,2026-10-08,5,5,si
219166,2026-10-08,6,5,si
219167,2026-10-08,5,5,si
219954,2026-10-08,14,3,si
221283,2026-10-08,0,5,si
221284,2026-10-08,0,2,si
221285,2026-10-08,6,5,si
221286,2026-10-08,4,3,si
221287,2026-10-08,0,5,si
221288,2026-10-08,0,2,si
223758,2026-10-08,8,7,si
223759,2026-10-08,8,7,si
223761,2026-10-08,29,7,si
223762,2026-10-08,30,7,si
223763,2026-10-08,7,7,si
223764,2026-10-08,8,7,si
223765,2026-10-08,31,7,si
223766,2026-10-08,32,7,si
228973,2026-10-08,28,5,si
228974,2026-10-08,31,7,si
228975,2026-10-08,7,7,si
228976,2026-10-08,6,5,si
228977,2026-10-08,7,7,si
228978,2026-10-08,7,7,si
228979,2026-10-08,18,6,no
228980,2026-10-08,32,7,si
266806,2026-10-08,9,9,si
269862,2026-10-08,31,7,si
271925,2026-10-08,14,7,si
271927,2026-10-08,13,7,si
271929,2026-10-08,4,3,si
271931,2026-10-08,24,5,si
272119,2026-10-08,26,5,si
272120,2026-10-08,9,2,si
272122,2026-10-08,8,2,si
272123,2026-10-08,4,1,si
272124,2026-10-08,2,0,no
272125,2026-10-08,14,7,si
272126,2026-10-08,4,3,si
272127,2026-10-08,4,3,si
272128,2026-10-08,14,7,si
273962,2026-10-08,8,7,si
273963,2026-10-08,3,3,si
273966,2026-10-08,6,5,si
273968,2026-10-08,4,3,si
276626,2026-10-08,0,1,si
276882,2026-10-08,3,3,si
276884,2026-10-08,12,6,si
276885,2026-10-08,4,3,si
276886,2026-10-08,6,5,si
276887,2026-10-08,6,5,si
276888,2026-10-08,11,5,si
276891,2026-10-08,3,3,si
277743,2026-10-08,8,7,si
277744,2026-10-08,4,3,si
277746,2026-10-08,8,7,si
277748,2026-10-08,7,7,si
277749,2026-10-08,0,0,si
277750,2026-10-08,0,0,si
277751,2026-10-08,17,3,si
277752,2026-10-08,0,0,si
277753,2026-10-08,8,7,si
277755,2026-10-08,4,3,si
278575,2026-10-08,4,3,si
278576,2026-10-08,4,3,si
278577,2026-10-08,3,3,si
278578,2026-10-08,2,2,si
278847,2026-10-08,22,5,si
278848,2026-10-08,7,2,si
278851,2026-10-08,8,2,si
278852,2026-10-08,0,5,si
278853,2026-10-08,8,7,si
278854,2026-10-08,5,5,si
279068,2026-10-08,9,2,si
279069,2026-10-08,18,3,si
279071,2026-10-08,9,2,si
279185,2026-10-08,2,2,si
279186,2026-10-08,0,2,si
279189,2026-10-08,0,2,si
279192,2026-10-08,3,3,no
279193,2026-10-08,3,3,si
279194,2026-10-08,0,3,si
279204,2026-10-08,0,2,si
279205,2026-10-08,3,3,si
283105,2026-10-08,8,7,si
283107,2026-10-08,8,7,si
283108,2026-10-08,7,7,si
283110,2026-10-08,7,7,si
283113,2026-10-08,37,7,si
283119,2026-10-08,26,5,si
283124,2026-10-08,36,7,si
283126,2026-10-08,28,5,si
284908,2026-10-08,6,5,si
284909,2026-10-08,7,7,si
284910,2026-10-08,7,7,si
284912,2026-10-08,7,7,si
284934,2026-10-08,34,7,si
284935,2026-10-08,25,5,si
284936,2026-10-08,32,7,si
284937,2026-10-08,28,5,si
349520,2026-10-08,8,5,si
349521,2026-10-08,6,5,no
350471,2026-10-08,6,5,si
350481,2026-10-08,8,4,si
350483,2026-10-08,7,5,si
350485,2026-10-08,8,5,si
350486,2026-10-08,8,2,no
350487,2026-10-08,27,5,no
350488,2026-10-08,9,2,no
350489,2026-10-08,39,5,no
351096,2026-10-08,4,3,si
351097,2026-10-08,4,3,si
351098,2026-10-08,1,2,si
351099,2026-10-08,2,2,si
351100,2026-10-08,7,3,si
351101,2026-10-08,13,3,si
351102,2026-10-08,3,2,si
351103,2026-10-08,5,0,si
352697,2026-10-08,4,3,si
352699,2026-10-08,4,3,si
352700,2026-10-08,2,2,si
352701,2026-10-08,4,3,si
352703,2026-10-08,17,3,si
352704,2026-10-08,4,0,si
352706,2026-10-08,12,3,si
352709,2026-10-08,8,2,si
355929,2026-10-08,36,7,no
355930,2026-10-08,36,7,no
355932,2026-10-08,26,5,no
355933,2026-10-08,8,7,si
355934,2026-10-08,8,7,si
355935,2026-10-08,5,5,si
355936,2026-10-08,5,5,si
355937,2026-10-08,39,7,no
355938,2026-10-08,39,7,no
355939,2026-10-08,26,5,no
355940,2026-10-08,23,5,no
355941,2026-10-08,7,7,si
355942,2026-10-08,7,7,si
355943,2026-10-08,7,7,si
355944,2026-10-08,7,7,si
357366,2026-10-08,26,5,no
359472,2026-10-08,13,5,si
359475,2026-10-08,2,2,si
359478,2026-10-08,5,5,si
373494,2026-10-08,7,5,si
373495,2026-10-08,9,0,si
373496,2026-10-08,4,3,si
373497,2026-10-08,12,5,si
373498,2026-10-08,9,0,si
373499,2026-10-08,4,3,si
374734,2026-10-08,17,5,si
375799,2026-10-08,2,2,si
375800,2026-10-08,6,5,si
375801,2026-10-08,0,2,si
375802,2026-10-08,0,2,si
375803,2026-10-08,5,5,si
375804,2026-10-08,0,2,si
375806,2026-10-08,13,5,si
375807,2026-10-08,0,5,si
375982,2026-10-08,7,7,si
376103,2026-10-08,3,3,si
428963,2026-10-08,13,5,si
428967,2026-10-08,6,5,si
428969,2026-10-08,4,3,si
428970,2026-10-08,3,3,si
429194,2026-10-08,8,5,si
429195,2026-10-08,8,5,si
429198,2026-10-08,6,5,si
429204,2026-10-08,9,5,si
429205,2026-10-08,14,0,si
430591,2026-10-08,0,3,si
430592,2026-10-08,0,2,si
430593,2026-10-08,0,5,si
430594,2026-10-08,0,3,si
430595,2026-10-08,6,5,si
430596,2026-10-08,4,3,si
430597,2026-10-08,10,5,si
430598,2026-10-08,6,5,si
430603,2026-10-08,21,5,si
430604,2026-10-08,10,5,si
430605,2026-10-08,13,3,si
430946,2026-10-08,4,3,si
430948,2026-10-08,8,5,si
430949,2026-10-08,6,5,si
430950,2026-10-08,3,3,si
430951,2026-10-08,18,5,si
431508,2026-10-08,2,2,si
431509,2026-10-08,6,5,si
431510,2026-10-08,6,5,si
431516,2026-10-08,0,3,si
434735,2026-10-08,6,5,si
434736,2026-10-08,6,5,si
434737,2026-10-08,6,5,si
434738,2026-10-08,5,5,si
434739,2026-10-08,0,3,si
435188,2026-10-08,4,3,si
435189,2026-10-08,4,3,si
435190,2026-10-08,6,5,si
435191,2026-10-08,2,2,si
435194,2026-10-08,8,2,si
435195,2026-10-08,9,2,si
435196,2026-10-08,7,2,si
435198,2026-10-08,7,2,si
437398,2026-10-08,7,2,si
437399,2026-10-08,3,3,si
437404,2026-10-08,9,4,si
437447,2026-10-08,2,7,si
440175,2026-10-08,8,7,si
440176,2026-10-08,11,11,si
440188,2026-10-08,16,6,no
440189,2026-10-08,49,11,si
443324,2026-10-08,49,11,si
443325,2026-10-08,16,6,no
443326,2026-10-08,11,11,si
443327,2026-10-08,8,7,si
444582,2026-10-08,12,11,si
444583,2026-10-08,9,9,si
444584,2026-10-08,32,7,no
444585,2026-10-08,37,7,no
445083,2026-10-08,12,11,si
445085,2026-10-08,9,9,si
445090,2026-10-08,32,7,si
445091,2026-10-08,37,7,si
479716,2026-10-08,34,5,no
479771,2026-10-08,35,5,no
481523,2026-10-08,35,5,no
481536,2026-10-08,34,5,no
493860,2026-10-08,6,10,si
493861,2026-10-08,6,10,si
493866,2026-10-08,15,7,si
493868,2026-10-08,8,7,si
493870,2026-10-08,26,7,si
493871,2026-10-08,26,7,si
493872,2026-10-08,17,7,si
493873,2026-10-08,17,7,si
493874,2026-10-08,8,7,si
493875,2026-10-08,18,7,si
493877,2026-10-08,22,7,si
629948,2026-10-08,7,7,si
629949,2026-10-08,3,3,si
629950,2026-10-08,9,6,si
634194,2026-10-08,5,5,si
634197,2026-10-08,3,6,si
634204,2026-10-08,4,6,si
634219,2026-10-08,3,6,si
641690,2026-10-08,3,3,si
641691,2026-10-08,13,5,si
641692,2026-10-08,8,2,si
641693,2026-10-08,8,2,si
642078,2026-10-08,4,3,si
642080,2026-10-08,4,3,si
642081,2026-10-08,4,3,si
642086,2026-10-08,8,4,si
642087,2026-10-08,9,2,si
787132,2026-10-08,15,6,no
787136,2026-10-08,8,7,no
812799,2026-10-08,9,2,si
812803,2026-10-08,8,2,si
814963,2026-10-08,3,3,si
814964,2026-10-08,8,5,si
814965,2026-10-08,0,1,si
814966,2026-10-08,0,1,si
814968,2026-10-08,0,0,si
814969,2026-10-08,0,0,si
814970,2026-10-08,0,3,si
814972,2026-10-08,0,3,si
815161,2026-10-08,3,3,si
815281,2026-10-08,11,5,si
815484,2026-10-08,5,5,si
815486,2026-10-08,0,1,si
815489,2026-10-08,4,3,si
815638,2026-10-08,16,9,si
815639,2026-10-08,19,9,si
815642,2026-10-08,30,9,si
815643,2026-10-08,20,9,si
815644,2026-10-08,9,9,si
815657,2026-10-08,5,5,si
815658,2026-10-08,4,3,si
815659,2026-10-08,2,2,si
815661,2026-10-08,12,5,si
815662,2026-10-08,20,5,si
818783,2026-10-08,21,9,si
821944,2026-10-08,11,7,si
821950,2026-10-08,7,7,si
821951,2026-10-08,40,7,si
821952,2026-10-08,17,7,si
821955,2026-10-08,23,7,si
821956,2026-10-08,10,7,si
821957,2026-10-08,43,7,si
821958,2026-10-08,24,7,si
821959,2026-10-08,9,6,si
821960,2026-10-08,2,2,si
822225,2026-10-08,0,6,no
822226,2026-10-08,0,5,si
822227,2026-10-08,0,7,si
822459,2026-10-08,32,7,si
822462,2026-10-08,5,5,si
822463,2026-10-08,8,7,si
822528,2026-10-08,4,6,si
822529,2026-10-08,3,6,si
822530,2026-10-08,11,6,si
822532,2026-10-08,3,6,si
824824,2026-10-08,10,5,si
824829,2026-10-08,6,5,si
824831,2026-10-08,0,3,si
824832,2026-10-08,0,0,si
824836,2026-10-08,7,5,si
824968,2026-10-08,4,3,si
824971,2026-10-08,0,5,si
824972,2026-10-08,0,0,si
828547,2026-10-08,6,5,si
828551,2026-10-08,4,6,si
828553,2026-10-08,3,6,si
828556,2026-10-08,4,6,si
828557,2026-10-08,9,2,si
828559,2026-10-08,4,0,no
828560,2026-10-08,13,6,no
829060,2026-10-08,9,9,si
829061,2026-10-08,8,7,si
829062,2026-10-08,8,7,si
829063,2026-10-08,4,3,si
829413,2026-10-08,9,2,si
829437,2026-10-08,27,5,si
831127,2026-10-08,13,3,si
831128,2026-10-08,8,2,si
831129,2026-10-08,13,3,si
831130,2026-10-08,6,5,si
831132,2026-10-08,5,5,si
831145,2026-10-08,6,5,si
831146,2026-10-08,6,5,si
831328,2026-10-08,10,2,si
832341,2026-10-08,4,3,si
832342,2026-10-08,4,3,si
832343,2026-10-08,4,3,si
832344,2026-10-08,5,5,si
832345,2026-10-08,3,0,si
832346,2026-10-08,13,3,si
832347,2026-10-08,5,0,si
832348,2026-10-08,19,5,si
834468,2026-10-08,17,5,si
834849,2026-10-08,6,5,si
842067,2026-10-08,10,9,si
842413,2026-10-08,7,7,si
842418,2026-10-08,37,7,si
842420,2026-10-08,22,5,si
845206,2026-10-08,45,5,si
845208,2026-10-08,40,5,si
845210,2026-10-08,12,5,si
845216,2026-10-08,11,5,si
846071,2026-10-08,22,5,si
846081,2026-10-08,37,5,si
846084,2026-10-08,7,5,si
846299,2026-10-08,10,6,si
846613,2026-10-08,45,5,si
846614,2026-10-08,40,5,si
846615,2026-10-08,12,5,si
846617,2026-10-08,10,5,si
912207,2026-10-08,14,7,si
912220,2026-10-08,6,5,si
912229,2026-10-08,6,5,si
912244,2026-10-08,6,5,si
912345,2026-10-08,5,1,no
912347,2026-10-08,13,6,no
912349,2026-10-08,14,7,si
912350,2026-10-08,2,4,si
912351,2026-10-08,8,0,no
912352,2026-10-08,7,7,si
912353,2026-10-08,31,7,si
912404,2026-10-08,7,7,si
912447,2026-10-08,3,6,si
917758,2026-10-08,3,3,no
917761,2026-10-08,4,3,si
917762,2026-10-08,1,0,no
917764,2026-10-08,4,3,si
917772,2026-10-08,10,3,si
917775,2026-10-08,7,2,si
917776,2026-10-08,0,1,si
917777,2026-10-08,0,1,si
917958,2026-10-08,4,0,no
917959,2026-10-08,7,0,si
917960,2026-10-08,5,0,no
917963,2026-10-08,2,0,no
919336,2026-10-08,4,3,si
919337,2026-10-08,8,4,si
919339,2026-10-08,20,5,si
919340,2026-10-08,9,4,si
919342,2026-10-08,0,4,si
919345,2026-10-08,0,3,si
919717,2026-10-08,5,5,si
919718,2026-10-08,7,7,si
919761,2026-10-08,11,3,si
919789,2026-10-08,11,5,si
919792,2026-10-08,6,5,si
919982,2026-10-08,11,3,si
920000,2026-10-08,6,2,si
921494,2026-10-08,31,5,si
921495,2026-10-08,6,5,si
921498,2026-10-08,14,5,si
921499,2026-10-08,11,5,si
921501,2026-10-08,37,5,si
921502,2026-10-08,25,5,si
921503,2026-10-08,27,5,si
921504,2026-10-08,5,5,si
921512,2026-10-08,12,6,no
921515,2026-10-08,29,7,si
921516,2026-10-08,25,5,si
921852,2026-10-08,5,5,si
921853,2026-10-08,11,5,si
921854,2026-10-08,20,5,si
921855,2026-10-08,34,5,si
921861,2026-10-08,13,6,no
921862,2026-10-08,9,2,si
921863,2026-10-08,9,2,si
922239,2026-10-08,10,5,si
922240,2026-10-08,17,5,si
922245,2026-10-08,10,2,si
922246,2026-10-08,18,6,no
922247,2026-10-08,8,7,si
922248,2026-10-08,12,5,si
922250,2026-10-08,15,6,no
922261,2026-10-08,3,3,si
922262,2026-10-08,7,5,si
922263,2026-10-08,3,3,si
922265,2026-10-08,12,5,si
922266,2026-10-08,5,5,si
922269,2026-10-08,20,5,si
922273,2026-10-08,19,5,si
922274,2026-10-08,6,5,si
922568,2026-10-08,8,2,si
922569,2026-10-08,7,2,si
922610,2026-10-08,7,2,si
923827,2026-10-08,4,3,si
923828,2026-10-08,22,5,si
923829,2026-10-08,5,5,si
923831,2026-10-08,15,5,si
923832,2026-10-08,4,3,si
923833,2026-10-08,4,3,si
923835,2026-10-08,13,3,si
924661,2026-10-08,5,5,si
924668,2026-10-08,2,2,si
924682,2026-10-08,23,5,si
925034,2026-10-08,8,2,si
925036,2026-10-08,8,2,si
925037,2026-10-08,13,5,si
925038,2026-10-08,3,3,si
925039,2026-10-08,6,5,si
925040,2026-10-08,3,3,si
925629,2026-10-08,41,6,si
925630,2026-10-08,13,6,si
925724,2026-10-08,12,5,si
925726,2026-10-08,4,3,si
925728,2026-10-08,20,5,si
932542,2026-10-08,6,5,si
932550,2026-10-08,4,3,si
932564,2026-10-08,13,3,si
932568,2026-10-08,9,2,si
932577,2026-10-08,4,3,si
932583,2026-10-08,2,2,si
932595,2026-10-08,11,3,si
932652,2026-10-08,6,5,si
932852,2026-10-08,6,5,si
932853,2026-10-08,6,5,si
932855,2026-10-08,6,5,si
932857,2026-10-08,17,3,si
932858,2026-10-08,9,2,si
932859,2026-10-08,23,5,si
932860,2026-10-08,9,2,si
932935,2026-10-08,25,5,si
932936,2026-10-08,12,3,si
932937,2026-10-08,6,5,si
932938,2026-10-08,6,5,si
932940,2026-10-08,27,5,si
932942,2026-10-08,6,5,si
932943,2026-10-08,12,3,si
933046,2026-10-08,20,5,si
933907,2026-10-08,5,5,no
933909,2026-10-08,11,6,no
936588,2026-10-08,6,5,si
936589,2026-10-08,2,2,si
936590,2026-10-08,6,5,si
936591,2026-10-08,4,3,si
936592,2026-10-08,9,2,si
936593,2026-10-08,16,3,si
940317,2026-10-08,23,5,si
940319,2026-10-08,13,3,si
940320,2026-10-08,6,5,si
940322,2026-10-08,6,5,si
940323,2026-10-08,29,5,si
940324,2026-10-08,13,3,si
940325,2026-10-08,6,5,si
940326,2026-10-08,6,5,si
945211,2026-10-08,11,5,si
945212,2026-10-08,11,5,si
945217,2026-10-08,52,5,si
945220,2026-10-08,35,5,si
948410,2026-10-08,35,5,si
948411,2026-10-08,52,5,si
948412,2026-10-08,11,5,si
948413,2026-10-08,11,5,si
949242,2026-10-08,12,5,si
949279,2026-10-08,34,5,si
949284,2026-10-08,56,5,si
949294,2026-10-08,12,5,si
949857,2026-10-08,12,5,si
949858,2026-10-08,12,5,si
949860,2026-10-08,34,5,si
949864,2026-10-08,56,5,si
1127279,2026-10-08,22,5,si
1127281,2026-10-08,14,5,si
1131890,2026-10-08,21,5,si
1131891,2026-10-08,16,5,si
1131920,2026-10-08,8,5,si
1131921,2026-10-08,19,5,si
1131922,2026-10-08,32,5,si
1131923,2026-10-08,19,5,si
1131924,2026-10-08,10,5,si
1131925,2026-10-08,3,3,si
1131927,2026-10-08,9,2,si
1131934,2026-10-08,9,5,si
1131949,2026-10-08,3,3,si
1133860,2026-10-08,9,5,si
1135774,2026-10-08,21,5,si
1135775,2026-10-08,9,5,si
1135776,2026-10-08,12,5,si
1135777,2026-10-08,3,3,si
1135778,2026-10-08,9,2,no
1135780,2026-10-08,6,5,si
1135781,2026-10-08,6,5,si
1136299,2026-10-08,8,5,si
1136301,2026-10-08,16,3,no
1136313,2026-10-08,11,3,no
1136330,2026-10-08,8,5,si
1137471,2026-10-08,7,5,si
1140010,2026-10-08,21,5,si
1140011,2026-10-08,22,5,si
1140012,2026-10-08,5,5,si
1140014,2026-10-08,9,5,si
1140019,2026-10-08,2,2,si
1140021,2026-10-08,3,3,si
1140022,2026-10-08,2,2,si
1140024,2026-10-08,14,5,si
1140153,2026-10-08,2,2,si
1140154,2026-10-08,7,5,si
1140175,2026-10-08,20,5,si
1140197,2026-10-08,12,5,si
1140287,2026-10-08,11,5,si
1140295,2026-10-08,8,2,no
1140327,2026-10-08,15,5,si
1140328,2026-10-08,3,3,si
1140329,2026-10-08,36,5,si
1140330,2026-10-08,9,4,si
1140342,2026-10-08,16,3,no
1140354,2026-10-08,26,5,no
1140356,2026-10-08,12,3,no
1140471,2026-10-08,4,3,si
1140473,2026-10-08,14,5,si
1140474,2026-10-08,12,5,si
1140477,2026-10-08,10,4,si
1140478,2026-10-08,2,2,si
1140498,2026-10-08,28,5,no
1140549,2026-10-08,29,5,no
1140688,2026-10-08,4,3,si
1140695,2026-10-08,10,6,no
1140773,2026-10-08,13,5,si
1140780,2026-10-08,4,3,si
1140783,2026-10-08,7,2,no
1140789,2026-10-08,2,2,si
1142313,2026-10-08,15,5,si
1142324,2026-10-08,36,5,si
1142328,2026-10-08,20,5,si
1142329,2026-10-08,7,5,si
1142330,2026-10-08,20,5,si
1142331,2026-10-08,30,5,si
1142397,2026-10-08,6,5,si
1142418,2026-10-08,7,5,si
1142421,2026-10-08,5,5,si
1148515,2026-10-08,4,3,si
1148516,2026-10-08,4,3,si
1148517,2026-10-08,18,5,si
1148518,2026-10-08,13,5,si
1148519,2026-10-08,0,3,si
1148520,2026-10-08,13,5,si
1148522,2026-10-08,0,1,si
1148523,2026-10-08,9,5,si
1148525,2026-10-08,5,5,si
1148526,2026-10-08,0,5,si
1148836,2026-10-08,14,5,si
1148838,2026-10-08,5,5,si
1148839,2026-10-08,4,3,si
1148840,2026-10-08,6,5,si
1149252,2026-10-08,13,5,si
1149254,2026-10-08,7,7,si
1149257,2026-10-08,0,5,si
1149262,2026-10-08,10,5,si
1149263,2026-10-08,10,5,si
1149264,2026-10-08,10,5,si
1149265,2026-10-08,0,0,no
1149266,2026-10-08,4,3,si
1149267,2026-10-08,24,5,si
1149268,2026-10-08,3,3,si
1149269,2026-10-08,8,2,si
1149529,2026-10-08,20,3,si
1149533,2026-10-08,18,5,si
1149538,2026-10-08,13,3,si
1149541,2026-10-08,5,5,si
1149543,2026-10-08,15,5,si
1149549,2026-10-08,7,4,no
1149788,2026-10-08,4,3,si
1149824,2026-10-08,15,5,si
1149828,2026-10-08,30,5,si
1149829,2026-10-08,11,5,si
1149832,2026-10-08,17,5,si
1149846,2026-10-08,4,3,si
1149847,2026-10-08,12,5,si
1149848,2026-10-08,4,3,si
1149890,2026-10-08,12,6,si
1150044,2026-10-08,4,0,no
1150047,2026-10-08,13,5,si
1150050,2026-10-08,17,3,si
1150064,2026-10-08,8,2,si
1150067,2026-10-08,13,5,si
1150297,2026-10-08,3,6,si
1150298,2026-10-08,6,5,si
1150299,2026-10-08,9,5,no
1150300,2026-10-08,5,5,si
1150538,2026-10-08,26,5,si
1150540,2026-10-08,14,0,si
1150541,2026-10-08,17,5,si
1150542,2026-10-08,4,3,si
1150543,2026-10-08,9,0,si
1150544,2026-10-08,3,0,si
1153388,2026-10-08,6,5,si
1153389,2026-10-08,4,3,si
1153390,2026-10-08,7,2,si
1153392,2026-10-08,14,5,si
1153393,2026-10-08,8,7,si
1153395,2026-10-08,9,5,si
1153397,2026-10-08,2,2,si
1153399,2026-10-08,11,5,si
1153981,2026-10-08,10,5,si
1153982,2026-10-08,22,5,si
1153983,2026-10-08,5,5,si
1153984,2026-10-08,6,5,si
1154629,2026-10-08,19,5,si
1154630,2026-10-08,15,5,si
1154632,2026-10-08,10,5,si
1154633,2026-10-08,3,3,si
1154642,2026-10-08,12,3,si
1154643,2026-10-08,8,2,si
1154734,2026-10-08,3,3,si
1155417,2026-10-08,11,5,si
1155418,2026-10-08,2,2,si
1155419,2026-10-08,12,5,si
1155420,2026-10-08,7,7,si
1155421,2026-10-08,5,5,si
1155422,2026-10-08,2,2,si
1163358,2026-10-08,5,5,si
1163360,2026-10-08,5,5,si
1163361,2026-10-08,5,5,si
1163383,2026-10-08,4,0,si
1163384,2026-10-08,15,5,si
1163385,2026-10-08,4,3,si
1163386,2026-10-08,8,0,si
1163387,2026-10-08,34,5,si
1163388,2026-10-08,15,5,si
1163389,2026-10-08,3,0,si
1163390,2026-10-08,17,5,si
1163391,2026-10-08,5,5,si
1163392,2026-10-08,6,0,si
1163393,2026-10-08,27,5,si
1163394,2026-10-08,8,7,si
1163395,2026-10-08,2,0,no
1163399,2026-10-08,27,5,si
1163400,2026-10-08,14,5,si
1163401,2026-10-08,51,4,no
1164003,2026-10-08,0,5,no
1164004,2026-10-08,0,3,no
1164068,2026-10-08,6,5,si
1164075,2026-10-08,5,5,si
1164078,2026-10-08,6,5,si
1164240,2026-10-08,8,1,no
1164250,2026-10-08,17,3,no
1164254,2026-10-08,18,3,no
1164260,2026-10-08,23,5,no
1164297,2026-10-08,6,5,si
1164528,2026-10-08,17,5,si
1164530,2026-10-08,7,7,si
1164531,2026-10-08,0,3,no
1164539,2026-10-08,9,5,si
1164540,2026-10-08,0,0,no
1164906,2026-10-08,25,5,si
1165052,2026-10-08,6,5,si
1168863,2026-10-08,0,5,si
1168864,2026-10-08,0,3,si
1168865,2026-10-08,6,5,si
1168866,2026-10-08,5,5,si
1169654,2026-10-08,0,5,si
1169655,2026-10-08,0,3,si
1169656,2026-10-08,6,5,si
1169657,2026-10-08,6,5,si
1170254,2026-10-08,6,5,si
1170257,2026-10-08,6,5,si
1170258,2026-10-08,0,5,si
1170263,2026-10-08,6,5,si
1170269,2026-10-08,5,5,si
1170270,2026-10-08,0,3,si
1172805,2026-10-08,6,5,si
1172806,2026-10-08,5,5,si
1172810,2026-10-08,17,3,si
1172813,2026-10-08,7,2,si
1172814,2026-10-08,4,3,si
1172818,2026-10-08,3,3,si
1172822,2026-10-08,7,2,si
1182147,2026-10-08,11,5,si
1182149,2026-10-08,10,5,si
1182151,2026-10-08,50,5,si
1182152,2026-10-08,35,5,si
1183650,2026-10-08,10,5,si
1183653,2026-10-08,11,5,si
1183660,2026-10-08,35,5,si
1183663,2026-10-08,50,5,si
1186806,2026-10-08,10,5,si
1186809,2026-10-08,9,5,si
1186810,2026-10-08,33,5,si
1186819,2026-10-08,49,5,si
1188219,2026-10-08,9,5,si
1188234,2026-10-08,10,5,si
1188238,2026-10-08,33,5,si
1188240,2026-10-08,49,5,si
1265328,2026-10-08,36,5,no
1265329,2026-10-08,36,5,no
1265972,2026-10-08,36,5,no
1265973,2026-10-08,36,5,no
1266976,2026-10-08,36,5,no
1266977,2026-10-08,36,5,no
1366341,2026-10-08,22,7,si
1371417,2026-10-08,13,4,no
1371575,2026-10-08,4,3,si
1371584,2026-10-08,15,3,si
1371834,2026-10-08,20,4,no
1371857,2026-10-08,6,5,si
1371879,2026-10-08,24,5,si
1373296,2026-10-08,8,5,si
1373297,2026-10-08,7,5,si
1373298,2026-10-08,10,5,si
1373301,2026-10-08,10,5,si
1373303,2026-10-08,4,3,si
1373305,2026-10-08,9,5,si
1373308,2026-10-08,7,5,si
1373721,2026-10-08,10,3,si
1373723,2026-10-08,14,3,si
1373725,2026-10-08,16,3,si
1373964,2026-10-08,5,5,si
1373965,2026-10-08,4,3,si
1373970,2026-10-08,8,7,si
1373971,2026-10-08,24,5,si
1373988,2026-10-08,8,2,si
1373993,2026-10-08,9,2,si
1374374,2026-10-08,6,5,si
1374377,2026-10-08,3,3,si
1374449,2026-10-08,11,5,si
1374480,2026-10-08,11,5,si
1374481,2026-10-08,2,2,si
1374482,2026-10-08,13,5,si
1374483,2026-10-08,5,5,si
1374484,2026-10-08,6,5,si
1374496,2026-10-08,24,5,si
1374507,2026-10-08,5,5,si
1374512,2026-10-08,23,5,si
1374514,2026-10-08,13,6,si
1374526,2026-10-08,10,5,si
1374529,2026-10-08,2,2,si
1375031,2026-10-08,17,5,si
1375032,2026-10-08,8,0,no
1375033,2026-10-08,22,5,si
1375034,2026-10-08,4,3,si
1375036,2026-10-08,11,5,si
1375037,2026-10-08,9,5,si
1375038,2026-10-08,5,5,si
1375112,2026-10-08,7,2,si
1375274,2026-10-08,15,5,si
1375416,2026-10-08,7,7,si
1375418,2026-10-08,7,7,si
1375422,2026-10-08,32,7,si
1378829,2026-10-08,7,7,si
1378830,2026-10-08,2,2,si
1378831,2026-10-08,13,5,si
1378836,2026-10-08,13,5,si
1378841,2026-10-08,17,5,si
1379769,2026-10-08,22,5,si
1379771,2026-10-08,28,5,si
1379773,2026-10-08,9,5,si
1379785,2026-10-08,5,5,si
1379822,2026-10-08,16,3,si
1379843,2026-10-08,20,5,si
1379848,2026-10-08,7,5,si
1380086,2026-10-08,6,5,si
1380088,2026-10-08,10,5,si
1380090,2026-10-08,15,5,si
1380092,2026-10-08,4,3,si
1380093,2026-10-08,6,5,si
1380094,2026-10-08,2,2,si
1380162,2026-10-08,3,3,si
1380182,2026-10-08,13,5,si
1380183,2026-10-08,7,1,si
1380185,2026-10-08,10,3,si
1380186,2026-10-08,27,5,si
1380189,2026-10-08,16,5,si
1380196,2026-10-08,20,5,si
1380420,2026-10-08,6,5,si
1380422,2026-10-08,3,3,si
1380423,2026-10-08,16,5,si
1380424,2026-10-08,5,5,no
1380430,2026-10-08,2,2,si
1381826,2026-10-08,9,5,si
1381865,2026-10-08,11,5,si
1381868,2026-10-08,4,3,si
1381889,2026-10-08,27,5,si
1381909,2026-10-08,6,5,si
1381929,2026-10-08,10,5,si
1381933,2026-10-08,7,5,si
1381948,2026-10-08,19,5,si
1381975,2026-10-08,2,2,si
1382091,2026-10-08,11,3,no
1382101,2026-10-08,5,0,no
1382121,2026-10-08,4,0,no
1384310,2026-10-08,12,5,si
1384312,2026-10-08,5,5,si
1384317,2026-10-08,29,7,si
1384319,2026-10-08,14,5,si
1384684,2026-10-08,38,5,si
1384699,2026-10-08,15,6,si
1384701,2026-10-08,13,5,si
1384705,2026-10-08,4,3,si
1384710,2026-10-08,11,3,si
1384744,2026-10-08,8,5,si
1384745,2026-10-08,7,5,si
1384748,2026-10-08,40,5,si
1384750,2026-10-08,7,5,si
1384753,2026-10-08,2,2,si
1385299,2026-10-08,8,7,si
1385328,2026-10-08,7,7,si
1385344,2026-10-08,24,5,si
1385347,2026-10-08,7,1,si
1387503,2026-10-08,19,5,si
1387504,2026-10-08,7,7,si
1387512,2026-10-08,40,5,si
1387518,2026-10-08,13,3,si
1387898,2026-10-08,13,5,si
1387900,2026-10-08,7,7,si
1387917,2026-10-08,29,7,si
1387919,2026-10-08,14,3,si
1387923,2026-10-08,13,5,si
1387927,2026-10-08,10,5,si
1388002,2026-10-08,31,5,si
1388003,2026-10-08,26,5,si
1388118,2026-10-08,31,5,no
1388122,2026-10-08,26,5,si
1388128,2026-10-08,10,5,si
1388132,2026-10-08,15,5,si
1388133,2026-10-08,5,5,si
1388134,2026-10-08,12,5,si
1388382,2026-10-08,4,0,no
1388383,2026-10-08,6,5,si
1388384,2026-10-08,6,5,si
1388386,2026-10-08,3,3,si
1388409,2026-10-08,2,2,si
1388458,2026-10-08,24,5,si
1388459,2026-10-08,14,5,si
1388460,2026-10-08,27,5,si
1388461,2026-10-08,7,7,si
1388481,2026-10-08,0,5,si
1388494,2026-10-08,5,5,si
1388508,2026-10-08,12,5,si
1388597,2026-10-08,20,5,no
1388635,2026-10-08,13,5,si
1388637,2026-10-08,36,5,si
1388652,2026-10-08,38,5,si
1388654,2026-10-08,13,5,si
1388655,2026-10-08,10,5,si
1388687,2026-10-08,9,4,no
1388688,2026-10-08,19,5,no
1388689,2026-10-08,10,4,no
1388693,2026-10-08,14,5,si
1388696,2026-10-08,5,5,si
1388699,2026-10-08,11,5,si
1389065,2026-10-08,7,5,si
1389067,2026-10-08,9,5,si
1389068,2026-10-08,7,7,si
1389070,2026-10-08,3,6,si
1389071,2026-10-08,3,3,si
1389072,2026-10-08,0,3,si
1389073,2026-10-08,0,3,si
1389074,2026-10-08,2,2,si
1389147,2026-10-08,13,5,si
1389154,2026-10-08,0,3,si
1389157,2026-10-08,6,5,si
1389343,2026-10-08,5,5,si
1389344,2026-10-08,4,3,si
1389354,2026-10-08,23,5,si
1389355,2026-10-08,11,5,si
1389707,2026-10-08,13,5,si
1389708,2026-10-08,11,5,si
1389709,2026-10-08,3,3,si
1389710,2026-10-08,5,5,si
1389768,2026-10-08,11,3,si
1389940,2026-10-08,12,5,si
1389942,2026-10-08,6,5,si
1389948,2026-10-08,5,5,si
1389950,2026-10-08,17,5,si
1389953,2026-10-08,5,0,no
1389973,2026-10-08,31,7,si
1389979,2026-10-08,13,3,si
1389980,2026-10-08,6,5,si
1397234,2026-10-08,6,5,si
1397236,2026-10-08,6,5,si
1397241,2026-10-08,26,5,si
1397247,2026-10-08,25,5,si
1397249,2026-10-08,6,5,si
1397252,2026-10-08,6,5,si
1397262,2026-10-08,28,5,si
1398504,2026-10-08,18,6,no
1398510,2026-10-08,5,5,si
1398514,2026-10-08,6,5,si
1398520,2026-10-08,10,2,no
1398521,2026-10-08,6,5,si
1398524,2026-10-08,4,6,si
1398654,2026-10-08,6,5,si
1398655,2026-10-08,5,5,si
1398657,2026-10-08,6,5,si
1398658,2026-10-08,5,5,si
1398660,2026-10-08,13,3,si
1398661,2026-10-08,25,5,si
1398663,2026-10-08,27,5,si
1398664,2026-10-08,12,3,si
1398939,2026-10-08,4,3,si
1398940,2026-10-08,5,5,si
1398941,2026-10-08,6,5,si
1399559,2026-10-08,0,5,si
1399560,2026-10-08,0,3,si
1399562,2026-10-08,6,5,si
1399563,2026-10-08,6,5,si
1399564,2026-10-08,0,5,si
1399565,2026-10-08,5,5,si
1399566,2026-10-08,4,3,si
1400297,2026-10-08,6,5,si
1400298,2026-10-08,6,5,si
1400301,2026-10-08,27,5,si
1400304,2026-10-08,12,3,si
1400363,2026-10-08,6,5,si
1400368,2026-10-08,5,5,si
1400376,2026-10-08,18,3,si
1400378,2026-10-08,17,3,si
1400652,2026-10-08,20,5,si
1400653,2026-10-08,5,5,si
1400654,2026-10-08,31,5,si
1400655,2026-10-08,6,5,si
1400656,2026-10-08,6,5,si
1400657,2026-10-08,4,0,no
1400658,2026-10-08,16,3,si
1400659,2026-10-08,4,1,si
1400660,2026-10-08,45,5,si
1400661,2026-10-08,4,1,si
1400662,2026-10-08,4,1,si
1403266,2026-10-08,21,5,si
1403276,2026-10-08,44,5,si
1403279,2026-10-08,26,5,si
1403282,2026-10-08,10,5,si
1403313,2026-10-08,9,0,si
1403327,2026-10-08,23,5,si
1403329,2026-10-08,33,7,si
1404077,2026-10-08,5,5,si
1404082,2026-10-08,3,3,si
1404085,2026-10-08,16,3,si
1404088,2026-10-08,7,2,si
1404607,2026-10-08,5,5,si
1404608,2026-10-08,6,5,si
1404615,2026-10-08,15,3,si
1404618,2026-10-08,11,3,si
1405291,2026-10-08,6,0,no
1405295,2026-10-08,3,0,no
1407188,2026-10-08,13,7,si
1407190,2026-10-08,40,7,si
1408605,2026-10-08,6,5,si
1408607,2026-10-08,5,5,si
1408610,2026-10-08,4,3,si
1408611,2026-10-08,19,3,si
1408619,2026-10-08,5,5,si
1408621,2026-10-08,17,3,si
1408623,2026-10-08,0,0,si
1423856,2026-10-08,11,5,si
1423857,2026-10-08,8,5,si
1423870,2026-10-08,53,5,si
1423871,2026-10-08,30,7,si
1425561,2026-10-08,12,5,si
1425570,2026-10-08,49,5,si
1425573,2026-10-08,54,5,si
1425624,2026-10-08,12,5,si
1426113,2026-10-08,11,5,si
1426115,2026-10-08,8,5,si
1426183,2026-10-08,53,5,si
1426189,2026-10-08,30,7,si
1431089,2026-10-08,12,5,si
1431091,2026-10-08,12,5,si
1431104,2026-10-08,54,5,si
1431125,2026-10-08,49,5,si
