clave,nombre,inicio,organizador,lugar,jugadores,visto,decision
40266,II Torneo Regional de Ajedrez Aguirre 2010 Sub 10,2010-11-12,CDDR Aguirre - Asesoría Matemática,CTP Quepos,3,2026-10-10,no
40269,II Torneo Regional de Ajedrez Aguirre 2010 Sub 14,2010-11-12,CDDR Aguirre - Asesoría Matemática,CTP Quepos,11,2026-10-10,no
40270,II Torneo Regional de Ajedrez Aguirre 2010 Sub 12,2010-11-12,CDDR Aguirre - Asesoría Matemática,CTP Quepos,6,2026-10-10,no
40271,II Torneo Regional de Ajedrez Aguirre 2010 Sub 18,2010-11-12,CDDR Aguirre - Asesoría Matemática,CTP Quepos,8,2026-10-10,no
40273,II Torneo Regional de Ajedrez Aguirre 2010 Sub 16,2010-11-12,CDDR Aguirre - Asesoría Matemática,CTP Quepos,16,2026-10-10,no
299197,Copa Curridabat 2017 Categoría B,2017-08-26,Ajedrez Curridabat,"Curridabat, San José",18,2026-10-10,no
299199,Copa Curridabat 2017 Categoría A,2017-08-26,Ajedrez Curridabat,"Curridabat, San José",42,2026-10-10,no
650282,I Torneo Institucional Anastasio Alfaro,2022-06-21,Anastasia Alfaro,Anastasia Alfaro,12,2026-10-10,
650284,I Torneo Institucional Anastasio Alfaro (C),2022-06-21,Anastasia Alfaro,Anastasia Alfaro,8,2026-10-10,
865778,Campeonato Nacional U20 Blitz,2023-12-16,EDUFI,CENFOTEC,16,2026-10-10,no
1295160,Campeonato Regional Zona Sur 2025 U10,2025-11-15,AD Ajedrez Coto Brus,"Salon Comunal de Linda Vista, San Vito, Coto Brus",16,2026-10-10,no
1295161,Campeonato Regional Zona Sur 2025 U12,2025-11-15,AD Ajedrez Coto Brus,"Salon Comunal de Linda Vista, San Vito, Coto Brus",18,2026-10-10,no
1295162,Campeonato Regional Zona Sur 2025 U14,2025-11-15,AD Ajedrez Coto Brus,"Salon Comunal de Linda Vista, San Vito, Coto Brus",22,2026-10-10,no
1295163,Campeonato Regional Zona Sur 2025 U16,2025-11-15,AD Ajedrez Coto Brus,"Salon Comunal de Linda Vista, San Vito, Coto Brus",13,2026-10-10,no
1295164,Campeonato Regional Zona Sur 2025 U18-Open,2025-11-15,AD Ajedrez Coto Brus,"Salon Comunal de Linda Vista, San Vito, Coto Brus",16,2026-10-10,no
1314386,Campeonato Regional del Pacífico Central 2025 U10,2025-12-13,Club de Ajedrez de Puntarenas,Gimnasio del Benemérito Liceo José Martí,18,2026-10-10,no
1314387,Campeonato Regional del Pacífico Central 2025 U12,2025-12-13,Club de Ajedrez de Puntarenas,Gimnasio del Benemérito Liceo José Martí,12,2026-10-10,no
1314388,Campeonato Regional del Pacífico Central 2025 U14,2025-12-13,Club de Ajedrez de Puntarenas,Gimnasio del Benemérito Liceo José Martí,20,2026-10-10,no
1314389,Campeonato Regional del Pacífico Central 2025 U16,2025-12-13,Club de Ajedrez de Puntarenas,Gimnasio del Benemérito Liceo José Martí,13,2026-10-10,no
1314392,I Torneo Regional Rapid Puntarenas 2025,2025-12-13,Club de Ajedrez de Puntarenas,Gimnasio del Benemérito Liceo José Martí,3,2026-10-10,no
1423983,Categorías F-E-D | Torneo Interinstitucional de Aj,2026-05-21,ANADEC,"Colegio Teresiano San Enrique de Ossó, Coronado",11,2026-10-10,no
1423991,Categoría C Abierto | Torneo Interinstitucional de,2026-05-21,ANADEC,"Colegio Teresiano San Enrique de Ossó, Coronado",10,2026-10-10,no
1423993,Categoría B Abierta y C Fem | Torneo Interinstituc,2026-05-21,ANADEC,"Colegio Teresiano San Enrique de Ossó, Coronado",9,2026-10-10,no
1423996,Categorías A y B Femenino | Torneo Interinstitucio,2026-05-21,ANADEC,"Colegio Teresiano San Enrique de Ossó, Coronado",8,2026-10-10,no
1439559,Campeonato Regional Zona Sur 2026 Open,2026-06-28,,Restaurante Playa Cacao,10,2026-10-10,no
1447041,Campeonato Regional Zona Sur 2026 Categorias Impar,2026-06-28,,Restaurante Playa Cacao,33,2026-10-10,no
1447463,Campeonato Regional Zona Sur 2026 Categorias Impar,2026-06-28,,Restaurante Playa Cacao,17,2026-10-10,no
1513789,II Torneo de Ajedrez CECELO 2026 Categoría A,2026-10-08,,"Guanacaste, Cañas.",12,2026-10-10,
1513796,II Torneo de Ajedrez CECELO 2026 Categoría B,2026-10-07,,"Guanacaste, Cañas.",10,2026-10-10,
1513801,II Torneo de Ajedrez CECELO 2026 Categoría C,2026-10-07,,"Cañas, Guanacaste.",12,2026-10-10,
1513808,II Torneo de Ajedrez CECELO 2026 Categoría D,2026-10-07,,"Guanacaste, Cañas.",20,2026-10-10,
